No,Ro,Lv,Part,Type,PN,A
1,2,1,vocab,short-single,1,1
2,2,1,vocab,short-single,2,3
3,2,1,vocab,short-multi,12,3
4,2,1,vocab,short-multi,13,1
5,2,1,vocab,short-multi,14,3
6,2,1,vocab,short-multi,15,3
7,2,1,vocab,short-multi,16,2
8,2,1,vocab,short-multi,20,2
9,2,1,vocab,short-multi,21,4
10,2,1,vocab,long-single,22,4
11,2,1,vocab,long-single,23,2
12,2,1,vocab,long-single,24,1
13,2,1,vocab,long-single,25,2
14,2,1,vocab,long-multi,27,4
15,2,1,vocab,long-multi,28,2
16,2,1,writing,short-multi,33,2
17,2,1,writing,short-multi,34,2
18,2,1,writing,short-multi,35,1
19,2,1,writing,short-multi,36,4
20,2,1,writing,short-multi,37,4
21,2,1,writing,short-multi,38,4
22,2,1,writing,short-multi,39,2
23,2,1,writing,short-multi,40,1
24,2,1,writing,short-multi,41,1
25,2,1,writing,short-multi,42,4
26,2,1,writing,short-single,48,2
27,2,1,writing,short-single,49,2
28,2,1,writing,long-multi,50,2
29,2,1,writing,long-multi,51,4
30,2,1,writing,long-multi,52,1
31,2,1,writing,long-multi,53,2
32,2,1,writing,long-multi,54,2
33,2,1,reading,short-multi,33,2
34,2,1,reading,short-multi,34,4
35,2,1,reading,short-multi,35,3
36,2,1,reading,short-multi,36,1
37,2,1,reading,short-single,38,2
38,2,1,reading,short-single,39,1
39,2,1,reading,long-single,56,3
40,2,1,reading,long-single,57,4
41,2,2,vocab,short-multi,8,3
42,2,2,vocab,short-multi,9,4
43,2,2,vocab,short-multi,10,1
44,2,2,vocab,short-multi,11,3
45,2,2,vocab,short-multi,12,4
46,2,2,vocab,short-multi,13,2
47,2,2,vocab,short-multi,14,3
48,2,2,vocab,short-multi,15,4
49,2,2,vocab,short-multi,16,2
50,2,2,vocab,short-multi,17,2
51,2,2,vocab,long-single,19,2
52,2,2,vocab,long-single,20,1
53,2,2,vocab,long-single,30,4
54,2,2,writing,short-multi,31,2
55,2,2,writing,short-multi,32,3
56,2,2,writing,short-multi,33,3
57,2,2,writing,short-multi,34,2
58,2,2,writing,short-multi,35,3
59,2,2,writing,short-multi,36,3
60,2,2,writing,short-multi,37,2
61,2,2,writing,short-multi,38,3
62,2,2,writing,short-multi,39,3
63,2,2,writing,short-multi,40,2
64,2,2,writing,short-single,46,3
65,2,2,writing,short-single,47,1
66,2,2,writing,short-single,48,2
67,2,2,writing,short-single,49,4
68,2,2,writing,short-single,50,1
69,2,2,writing,short-single,51,2
70,2,2,writing,long-single,52,3
71,2,2,writing,long-single,54,4
72,2,2,writing,long-single,56,2
73,2,2,writing,long-single,58,1
74,2,2,writing,long-single,59,4
75,2,2,writing,long-single,60,3
76,3,1,vocab,short-multi,12,3
77,3,1,vocab,short-multi,13,1
78,3,1,vocab,short-multi,14,4
79,3,1,vocab,short-multi,15,2
80,3,1,vocab,short-multi,16,1
81,3,1,vocab,short-multi,17,4
82,3,1,vocab,short-multi,18,3
83,3,1,vocab,short-multi,19,1
84,3,1,vocab,short-multi,20,2
85,3,1,vocab,long-single,23,4
86,3,1,vocab,long-single,24,3
87,3,1,vocab,long-multi,25,1
88,3,1,vocab,long-multi,26,1
89,3,1,vocab,long-multi,27,1
90,3,1,vocab,long-multi,28,3
91,3,1,vocab,long-multi,29,1
92,3,1,vocab,long-multi,30,4
93,3,1,writing,short-multi,33,3
94,3,1,writing,short-multi,34,4
95,3,1,writing,short-multi,35,4
96,3,1,writing,short-multi,36,2
97,3,1,writing,short-multi,37,3
98,3,1,writing,short-multi,38,3
99,3,1,writing,short-multi,39,4
100,3,1,writing,short-multi,40,2
101,3,1,writing,short-multi,41,3
102,3,1,writing,short-multi,42,2
103,3,1,writing,short-multi,43,3
104,3,1,writing,short-multi,44,3
105,3,1,writing,short-multi,45,4
106,3,1,writing,short-single,52,3
107,3,1,writing,short-single,53,1
108,3,1,writing,short-single,54,1
109,3,1,writing,long-multi,55,2
110,3,1,writing,long-multi,56,1
111,3,1,writing,long-multi,57,4
112,3,1,writing,long-multi,58,3
113,3,1,writing,long-multi,59,4
114,3,1,writing,long-multi,60,2
115,3,1,reading,short-single,37,4
116,3,1,reading,short-single,38,3
117,3,1,reading,short-single,39,1
118,3,1,reading,short-single,40,2
119,3,2,vocab,short-multi,13,4
120,3,2,vocab,short-multi,14,2
121,3,2,vocab,short-multi,15,3
122,3,2,vocab,short-multi,16,4
123,3,2,vocab,short-multi,17,2
124,3,2,vocab,short-multi,18,3
125,3,2,vocab,short-multi,19,2
126,3,2,vocab,short-multi,20,2
127,3,2,vocab,short-multi,21,3
128,3,2,vocab,short-multi,22,4
129,3,2,vocab,long-single,23,2
130,3,2,vocab,long-single,24,4
131,3,2,vocab,long-single,25,4
132,3,2,vocab,long-single,26,1
133,3,2,vocab,long-single,27,2
134,3,2,writing,short-multi,31,2
135,3,2,writing,short-multi,32,4
136,3,2,writing,short-multi,33,4
137,3,2,writing,short-multi,34,3
138,3,2,writing,short-multi,35,3
139,3,2,writing,short-multi,36,3
140,3,2,writing,short-multi,37,3
141,3,2,writing,short-multi,38,4
142,3,2,writing,short-single,39,2
143,3,2,writing,short-single,40,4
144,3,2,writing,short-single,41,3
145,3,2,writing,short-single,42,1
146,3,2,writing,long-single,49,3
147,3,2,writing,long-single,50,2
148,3,2,writing,long-single,51,1
149,3,2,writing,long-single,52,2
150,3,2,writing,long-single,53,2
151,3,2,writing,long-single,54,3
152,3,2,writing,long-single,55,2
153,3,2,writing,long-single,57,1
154,3,2,writing,long-single,58,4
155,3,2,writing,long-single,59,1
156,4,1,vocab,short-single,1,2
157,4,1,vocab,short-single,2,1
158,4,1,vocab,short-single,3,3
159,4,1,vocab,short-multi,10,4
160,4,1,vocab,short-multi,11,1
161,4,1,vocab,short-multi,12,4
162,4,1,vocab,short-multi,13,1
163,4,1,vocab,short-single,16,3
164,4,1,vocab,short-single,17,2
165,4,1,vocab,short-multi,19,1
166,4,1,vocab,short-multi,20,2
167,4,1,vocab,short-multi,21,4
168,4,1,vocab,short-multi,22,2
169,4,1,vocab,long-multi,25,2
170,4,1,vocab,long-multi,26,1
171,4,1,vocab,long-multi,27,4
172,4,1,vocab,long-multi,28,3
173,4,1,vocab,long-multi,29,3
174,4,1,vocab,long-multi,30,1
175,4,1,writing,short-multi,31,4
176,4,1,writing,short-multi,32,3
177,4,1,writing,short-multi,33,1
178,4,1,writing,short-multi,34,2
179,4,1,writing,short-multi,35,1
180,4,1,writing,short-multi,36,2
181,4,1,writing,short-multi,37,1
182,4,1,writing,short-multi,38,3
183,4,1,writing,short-multi,39,2
184,4,1,writing,short-multi,40,4
185,4,1,writing,short-multi,41,3
186,4,1,writing,short-multi,42,3
187,4,1,writing,short-multi,43,2
188,4,1,writing,short-multi,44,1
189,4,1,writing,short-multi,45,1
190,4,1,writing,long-multi,46,2
191,4,1,writing,long-multi,47,2
192,4,1,writing,long-multi,48,3
193,4,1,writing,long-multi,49,3
194,4,1,writing,long-multi,57,1
195,4,1,writing,long-multi,58,4
196,4,1,writing,long-multi,59,3
197,4,1,writing,long-multi,60,4
198,4,1,reading,short-single,36,3
199,4,1,reading,short-single,37,1
200,4,1,reading,short-single,38,2
201,4,1,reading,short-single,39,2
202,4,1,reading,long-single,42,1
203,4,1,reading,long-single,48,1
204,4,1,reading,long-single,52,2
205,4,1,reading,long-single,54,2
206,4,1,reading,long-single,56,3
207,4,2,vocab,short-multi,6,2
208,4,2,vocab,short-multi,7,2
209,4,2,vocab,short-multi,8,1
210,4,2,vocab,short-multi,9,1
211,4,2,vocab,short-single,10,2
212,4,2,vocab,short-single,11,4
213,4,2,vocab,short-single,12,2
214,4,2,vocab,short-single,13,1
215,4,2,vocab,short-single,14,3
216,4,2,vocab,short-single,15,1
217,4,2,vocab,short-single,16,4
218,4,2,vocab,short-single,17,3
219,4,2,vocab,short-single,18,3
220,4,2,vocab,short-multi,19,1
221,4,2,vocab,long-single,29,3
222,4,2,writing,short-multi,31,4
223,4,2,writing,short-multi,32,1
224,4,2,writing,short-multi,33,4
225,4,2,writing,short-multi,34,3
226,4,2,writing,short-multi,35,4
227,4,2,writing,short-multi,36,2
228,4,2,writing,short-multi,37,4
229,4,2,writing,short-multi,38,2
230,4,2,writing,short-single,39,2
231,4,2,writing,short-single,40,3
232,4,2,writing,short-single,41,1
233,4,2,writing,short-single,42,1
234,4,2,writing,short-single,43,4
235,4,2,writing,short-multi,53,2
236,4,2,writing,short-multi,54,3
237,4,2,writing,short-single,55,4
238,4,2,writing,long-single,56,1
239,4,2,writing,long-single,57,2
240,4,2,writing,long-single,58,3
241,4,2,writing,long-single,59,2
242,4,2,reading,long-single,53,3
243,4,2,reading,long-single,56,1
244,5,1,vocab,short-multi,4,4
245,5,1,vocab,short-multi,5,2
246,5,1,vocab,short-multi,6,4
247,5,1,vocab,short-multi,10,2
248,5,1,vocab,short-multi,11,1
249,5,1,vocab,short-single,12,1
250,5,1,vocab,short-single,14,1
251,5,1,vocab,short-multi,15,2
252,5,1,vocab,short-multi,16,4
253,5,1,vocab,short-multi,17,3
254,5,1,vocab,long-multi,28,3
255,5,1,vocab,long-multi,30,3
256,5,1,writing,short-multi,31,3
257,5,1,writing,short-multi,32,2
258,5,1,writing,short-multi,33,3
259,5,1,writing,short-multi,34,2
260,5,1,writing,short-multi,35,1
261,5,1,writing,short-multi,36,1
262,5,1,writing,short-multi,37,4
263,5,1,writing,short-multi,38,1
264,5,1,writing,short-multi,39,4
265,5,1,writing,short-multi,40,3
266,5,1,writing,short-multi,41,2
267,5,1,writing,short-multi,42,3
268,5,1,writing,short-single,51,3
269,5,1,writing,short-single,52,1
270,5,1,writing,short-single,53,1
271,5,1,writing,short-single,54,1
272,5,1,writing,long-multi,55,2
273,5,1,writing,long-multi,56,4
274,5,1,writing,long-multi,57,1
275,5,1,writing,long-multi,58,1
276,5,1,writing,long-multi,59,2
277,5,1,writing,long-multi,60,1
278,5,1,reading,long-single,46,4
279,5,1,reading,long-single,50,3
280,5,1,reading,long-single,59,1
281,5,2,vocab,short-multi,1,3
282,5,2,vocab,short-multi,2,4
283,5,2,vocab,short-multi,3,2
284,5,2,vocab,short-multi,4,1
285,5,2,vocab,short-multi,5,3
286,5,2,vocab,short-multi,9,3
287,5,2,vocab,short-multi,10,4
288,5,2,vocab,short-multi,11,1
289,5,2,vocab,short-multi,12,3
290,5,2,vocab,short-multi,13,4
291,5,2,vocab,short-multi,14,4
292,5,2,vocab,short-multi,15,2
293,5,2,vocab,short-single,16,4
294,5,2,vocab,short-single,17,2
295,5,2,vocab,short-single,18,3
296,5,2,vocab,short-single,19,2
297,5,2,vocab,short-single,20,1
298,5,2,vocab,long-multi,24,1
299,5,2,vocab,long-multi,26,1
300,5,2,vocab,long-multi,27,4
301,5,2,vocab,long-multi,28,4
302,5,2,vocab,long-multi,30,3
303,5,2,writing,short-multi,31,2
304,5,2,writing,short-multi,32,1
305,5,2,writing,short-multi,33,3
306,5,2,writing,short-multi,34,1
307,5,2,writing,short-multi,35,3
308,5,2,writing,short-multi,36,1
309,5,2,writing,short-multi,37,1
310,5,2,writing,short-multi,38,3
311,5,2,writing,short-single,39,3
312,5,2,writing,short-single,40,4
313,5,2,writing,short-single,41,1
314,5,2,writing,short-single,42,2
315,5,2,writing,short-multi,49,1
316,5,2,writing,short-multi,50,2
317,5,2,writing,short-single,51,4
318,5,2,writing,short-single,52,3
319,5,2,writing,long-multi,53,2
320,5,2,writing,long-multi,54,3
321,5,2,writing,long-single,58,4
322,5,2,writing,long-single,59,2
323,5,2,writing,long-single,60,3
324,5,2,reading,short-single,36,2
325,5,2,reading,short-single,37,1
326,5,2,reading,short-single,38,4
327,5,2,reading,short-single,39,3
328,5,2,reading,long-single,50,2
329,5,2,reading,long-single,55,2
330,5,2,reading,long-single,59,3
331,6,1,vocab,short-multi,4,2
332,6,1,vocab,short-multi,5,1
333,6,1,vocab,short-multi,6,2
334,6,1,vocab,short-single,7,3
335,6,1,vocab,short-single,8,4
336,6,1,vocab,short-single,9,2
337,6,1,vocab,short-single,13,3
338,6,1,vocab,short-single,14,4
339,6,1,vocab,short-multi,16,3
340,6,1,vocab,short-multi,17,4
341,6,1,vocab,short-multi,18,3
342,6,1,vocab,short-multi,19,1
343,6,1,vocab,short-multi,20,4
344,6,1,vocab,short-multi,21,1
345,6,1,vocab,short-multi,22,3
346,6,1,vocab,short-multi,23,1
347,6,1,vocab,short-multi,24,4
348,6,1,vocab,long-multi,25,3
349,6,1,vocab,long-multi,27,2
350,6,1,vocab,long-multi,28,1
351,6,1,vocab,long-multi,29,4
352,6,1,writing,short-multi,31,1
353,6,1,writing,short-multi,32,4
354,6,1,writing,short-multi,33,2
355,6,1,writing,short-multi,34,2
356,6,1,writing,short-multi,35,1
357,6,1,writing,short-multi,36,1
358,6,1,writing,short-multi,37,3
359,6,1,writing,short-multi,38,4
360,6,1,writing,short-multi,39,3
361,6,1,writing,short-multi,40,1
362,6,1,writing,short-multi,41,4
363,6,1,writing,short-multi,42,2
364,6,1,writing,short-multi,43,3
365,6,1,writing,short-multi,44,1
366,6,1,writing,short-single,51,4
367,6,1,writing,short-single,52,3
368,6,1,writing,short-single,53,1
369,6,1,writing,short-single,54,3
370,6,1,writing,long-multi,55,1
371,6,1,writing,long-multi,56,2
372,6,1,writing,long-multi,57,2
373,6,1,writing,long-multi,58,1
374,6,1,reading,short-single,37,4
375,6,1,reading,short-single,38,3
376,6,1,reading,short-single,39,2
377,6,1,reading,short-single,40,3
378,6,1,reading,long-single,49,3
379,6,1,reading,long-single,52,1
380,6,1,reading,long-single,59,2
381,6,2,vocab,short-multi,1,3
382,6,2,vocab,short-multi,2,1
383,6,2,vocab,short-multi,3,2
384,6,2,vocab,short-multi,4,1
385,6,2,vocab,short-multi,5,1
386,6,2,vocab,short-multi,9,1
387,6,2,vocab,short-multi,10,2
388,6,2,vocab,short-multi,11,4
389,6,2,vocab,short-single,12,3
390,6,2,vocab,short-single,13,4
391,6,2,vocab,short-single,14,2
392,6,2,vocab,short-multi,15,1
393,6,2,vocab,short-multi,16,4
394,6,2,vocab,short-multi,17,3
395,6,2,vocab,short-multi,18,4
396,6,2,vocab,short-multi,19,3
397,6,2,vocab,short-multi,20,4
398,6,2,vocab,short-multi,21,2
399,6,2,vocab,short-multi,22,3
400,6,2,vocab,long-multi,26,3
401,6,2,vocab,long-single,29,4
402,6,2,writing,short-multi,31,1
403,6,2,writing,short-multi,32,2
404,6,2,writing,short-multi,33,2
405,6,2,writing,short-multi,34,2
406,6,2,writing,short-multi,35,2
407,6,2,writing,short-multi,36,3
408,6,2,writing,short-multi,37,4
409,6,2,writing,short-multi,38,4
410,6,2,writing,short-multi,39,3
411,6,2,writing,short-multi,40,4
412,6,2,writing,short-multi,41,4
413,6,2,writing,short-multi,42,2
414,6,2,writing,short-multi,43,3
415,6,2,writing,short-multi,44,4
416,6,2,writing,long-multi,55,3
417,6,2,writing,long-multi,56,4
418,6,2,writing,long-multi,57,2
419,6,2,writing,long-multi,58,3
420,6,2,writing,long-single,59,1
421,6,2,writing,long-single,60,2
422,6,2,reading,short-single,37,4
423,6,2,reading,short-single,38,4
424,6,2,reading,short-single,39,2
425,6,2,reading,long-single,50,4
426,6,2,reading,long-single,53,4
427,6,2,reading,long-single,59,1
428,7,1,vocab,short-multi,4,1
429,7,1,vocab,short-multi,5,2
430,7,1,vocab,short-multi,6,1
431,7,1,vocab,short-single,10,4
432,7,1,vocab,short-single,11,2
433,7,1,vocab,short-single,12,4
434,7,1,vocab,short-single,13,1
435,7,1,vocab,short-multi,15,3
436,7,1,vocab,short-multi,16,1
437,7,1,vocab,short-multi,17,1
438,7,1,vocab,short-multi,18,1
439,7,1,vocab,short-multi,19,2
440,7,1,vocab,short-multi,20,4
441,7,1,vocab,short-multi,21,4
442,7,1,vocab,short-multi,22,2
443,7,1,vocab,short-multi,23,4
444,7,1,vocab,short-multi,24,3
445,7,1,vocab,long-multi,25,2
446,7,1,vocab,long-multi,26,3
447,7,1,vocab,long-multi,28,2
448,7,1,vocab,long-multi,30,4
449,7,1,writing,short-multi,31,2
450,7,1,writing,short-multi,32,3
451,7,1,writing,short-multi,33,1
452,7,1,writing,short-multi,34,1
453,7,1,writing,short-multi,35,3
454,7,1,writing,short-multi,36,2
455,7,1,writing,short-multi,37,3
456,7,1,writing,short-multi,38,4
457,7,1,writing,short-multi,39,4
458,7,1,writing,short-multi,40,4
459,7,1,writing,short-multi,41,3
460,7,1,writing,short-multi,42,1
461,7,1,writing,short-multi,43,4
462,7,1,writing,short-multi,44,3
463,7,1,writing,short-multi,45,3
464,7,1,writing,short-single,51,1
465,7,1,writing,short-single,52,4
466,7,1,writing,short-single,53,1
467,7,1,writing,short-single,54,3
468,7,1,writing,long-multi,57,2
469,7,1,writing,long-multi,58,4
470,7,1,writing,long-multi,59,2
471,7,1,writing,long-multi,60,2
472,7,1,reading,short-single,36,1
473,7,1,reading,short-single,37,1
474,7,1,reading,short-single,38,2
475,7,1,reading,short-single,39,4
476,7,1,reading,long-single,53,2
477,7,1,reading,long-single,55,1
478,7,2,reading,short-single,36,4
479,7,2,reading,short-single,37,3
480,7,2,reading,short-single,38,1
481,7,2,reading,short-single,39,4
482,7,2,reading,long-single,52,3
483,7,2,reading,long-single,57,4
484,7,2,vocab,short-multi,1,4
485,7,2,vocab,short-multi,2,2
486,7,2,vocab,short-multi,3,4
487,7,2,vocab,short-multi,4,2
488,7,2,vocab,short-multi,5,3
489,7,2,vocab,short-multi,6,3
490,7,2,vocab,short-multi,7,1
491,7,2,vocab,short-multi,8,4
492,7,2,vocab,short-single,12,2
493,7,2,vocab,short-single,13,3
494,7,2,vocab,short-multi,14,3
495,7,2,vocab,short-multi,15,1
496,7,2,vocab,short-multi,16,1
497,7,2,vocab,short-multi,17,4
498,7,2,vocab,short-multi,18,1
499,7,2,vocab,short-multi,19,1
500,7,2,vocab,short-multi,20,4
501,7,2,vocab,short-multi,21,1
502,7,2,vocab,long-multi,25,3
503,7,2,vocab,long-multi,27,4
504,7,2,vocab,long-single,29,2
505,7,2,writing,short-multi,31,2
506,7,2,writing,short-multi,32,1
507,7,2,writing,short-multi,33,3
508,7,2,writing,short-multi,34,4
509,7,2,writing,short-multi,35,3
510,7,2,writing,short-multi,36,3
511,7,2,writing,short-multi,37,1
512,7,2,writing,short-multi,38,2
513,7,2,writing,short-multi,39,1
514,7,2,writing,short-multi,40,4
515,7,2,writing,short-multi,45,1
516,7,2,writing,short-multi,46,1
517,7,2,writing,short-multi,47,3
518,7,2,writing,short-multi,48,4
519,7,2,writing,long-multi,53,4
520,7,2,writing,long-multi,54,1
521,7,2,writing,long-multi,55,3
522,7,2,writing,long-multi,56,4
523,7,2,writing,long-single,57,1
524,7,2,writing,long-single,58,3
525,7,2,writing,long-single,59,2
526,7,2,writing,long-single,60,3
527,8,1,reading,short-single,36,2
528,8,1,reading,short-single,37,1
529,8,1,reading,short-single,38,3
530,8,1,reading,short-single,39,4
531,8,1,reading,long-single,49,3
532,8,1,reading,long-single,53,1
533,8,1,vocab,short-multi,4,1
534,8,1,vocab,short-multi,5,3
535,8,1,vocab,short-multi,6,2
536,8,1,vocab,short-single,10,4
537,8,1,vocab,short-single,11,2
538,8,1,vocab,short-multi,12,3
539,8,1,vocab,short-single,13,2
540,8,1,vocab,short-single,14,4
541,8,1,vocab,short-single,15,3
542,8,1,vocab,short-multi,16,2
543,8,1,vocab,short-multi,17,4
544,8,1,vocab,short-multi,18,1
545,8,1,vocab,short-multi,19,4
546,8,1,vocab,short-multi,20,3
547,8,1,vocab,short-multi,21,1
548,8,1,vocab,long-multi,26,2
549,8,1,vocab,long-multi,27,1
550,8,1,vocab,long-multi,28,4
551,8,1,vocab,long-multi,29,3
552,8,1,writing,short-multi,31,1
553,8,1,writing,short-multi,32,2
554,8,1,writing,short-multi,33,3
555,8,1,writing,short-multi,34,1
556,8,1,writing,short-multi,35,3
557,8,1,writing,short-multi,36,4
558,8,1,writing,short-multi,37,3
559,8,1,writing,short-multi,38,1
560,8,1,writing,short-multi,39,4
561,8,1,writing,short-multi,40,3
562,8,1,writing,short-multi,41,2
563,8,1,writing,short-multi,42,2
564,8,1,writing,short-multi,43,4
565,8,1,writing,short-multi,44,2
566,8,1,writing,short-multi,45,2
567,8,1,writing,short-single,51,2
568,8,1,writing,short-single,52,4
569,8,1,writing,short-single,53,3
570,8,1,writing,short-single,54,1
571,8,1,writing,long-multi,57,3
572,8,1,writing,long-multi,58,4
573,8,1,writing,long-multi,59,3
574,8,1,writing,long-multi,60,2
575,8,2,reading,short-single,36,1
576,8,2,reading,short-single,37,1
577,8,2,reading,short-single,38,4
578,8,2,reading,short-single,39,3
579,8,2,reading,long-single,55,4
580,8,2,reading,long-single,59,4
581,8,2,vocab,short-multi,1,4
582,8,2,vocab,short-multi,2,1
583,8,2,vocab,short-multi,3,2
584,8,2,vocab,short-multi,4,4
585,8,2,vocab,short-single,12,3
586,8,2,vocab,short-single,13,2
587,8,2,vocab,short-single,14,1
588,8,2,vocab,short-single,15,4
589,8,2,vocab,short-multi,16,3
590,8,2,vocab,short-multi,17,3
591,8,2,vocab,short-multi,18,1
592,8,2,vocab,short-multi,19,3
593,8,2,vocab,short-multi,20,2
594,8,2,vocab,short-multi,21,4
595,8,2,vocab,long-multi,27,2
596,8,2,vocab,long-single,29,1
597,8,2,vocab,long-single,30,2
598,8,2,writing,short-multi,31,2
599,8,2,writing,short-multi,32,2
600,8,2,writing,short-multi,33,4
601,8,2,writing,short-multi,34,2
602,8,2,writing,short-multi,35,3
603,8,2,writing,short-multi,36,3
604,8,2,writing,short-multi,37,3
605,8,2,writing,short-multi,38,4
606,8,2,writing,short-multi,39,2
607,8,2,writing,short-multi,40,4
608,8,2,writing,short-multi,45,4
609,8,2,writing,short-multi,46,1
610,8,2,writing,short-multi,47,3
611,8,2,writing,short-multi,48,2
612,8,2,writing,long-multi,53,1
613,8,2,writing,long-multi,54,1
614,8,2,writing,long-multi,55,4
615,8,2,writing,long-multi,56,1
616,8,2,writing,long-single,57,3
617,8,2,writing,long-single,59,2
618,8,2,writing,long-single,60,4
619,9,1,reading,short-single,36,4
620,9,1,reading,short-single,37,3
621,9,1,reading,short-single,38,4
622,9,1,reading,short-single,39,4
623,9,1,reading,long-single,55,3
624,9,1,reading,long-single,57,1
625,9,1,vocab,short-multi,4,2
626,9,1,vocab,short-multi,5,3
627,9,1,vocab,short-multi,6,3
628,9,1,vocab,short-single,10,2
629,9,1,vocab,short-single,11,3
630,9,1,vocab,short-single,12,3
631,9,1,vocab,short-single,13,2
632,9,1,vocab,short-single,14,3
633,9,1,vocab,short-single,15,1
634,9,1,vocab,short-single,16,1
635,9,1,vocab,short-multi,17,3
636,9,1,vocab,short-multi,18,3
637,9,1,vocab,short-multi,19,1
638,9,1,vocab,short-multi,20,4
639,9,1,vocab,short-multi,21,2
640,9,1,vocab,short-multi,22,4
641,9,1,vocab,short-multi,23,1
642,9,1,vocab,short-multi,24,3
643,9,1,vocab,long-multi,26,1
644,9,1,vocab,long-multi,27,4
645,9,1,vocab,long-multi,28,3
646,9,1,vocab,long-multi,30,4
647,9,1,writing,short-multi,31,1
648,9,1,writing,short-multi,32,1
649,9,1,writing,short-multi,33,4
650,9,1,writing,short-multi,34,4
651,9,1,writing,short-multi,35,3
652,9,1,writing,short-multi,36,2
653,9,1,writing,short-multi,37,2
654,9,1,writing,short-multi,38,4
655,9,1,writing,short-multi,39,4
656,9,1,writing,short-multi,40,4
657,9,1,writing,short-multi,41,3
658,9,1,writing,short-multi,42,2
659,9,1,writing,short-multi,43,3
660,9,1,writing,short-multi,44,2
661,9,1,writing,short-multi,45,4
662,9,1,writing,short-single,51,3
663,9,1,writing,short-single,52,2
664,9,1,writing,short-single,53,1
665,9,1,writing,short-single,54,2
666,9,1,writing,long-multi,57,3
667,9,1,writing,long-multi,58,3
668,9,1,writing,long-multi,59,4
669,9,1,writing,long-multi,60,3
670,9,2,reading,short-single,36,4
671,9,2,reading,short-single,37,1
672,9,2,reading,short-single,38,1
673,9,2,reading,short-single,39,3
674,9,2,reading,long-single,57,2
675,9,2,vocab,short-multi,1,2
676,9,2,vocab,short-multi,2,4
677,9,2,vocab,short-multi,3,4
678,9,2,vocab,short-multi,4,2
679,9,2,vocab,short-multi,5,1
680,9,2,vocab,short-multi,6,2
681,9,2,vocab,short-multi,7,3
682,9,2,vocab,short-single,12,2
683,9,2,vocab,short-single,13,2
684,9,2,vocab,short-single,14,1
685,9,2,vocab,short-single,15,1
686,9,2,vocab,short-single,16,2
687,9,2,vocab,short-multi,17,4
688,9,2,vocab,short-multi,18,4
689,9,2,vocab,short-multi,19,4
690,9,2,vocab,short-multi,20,3
691,9,2,vocab,short-multi,21,2
692,9,2,vocab,long-multi,25,4
693,9,2,vocab,long-multi,26,3
694,9,2,vocab,long-multi,27,4
695,9,2,vocab,long-single,29,1
696,9,2,writing,short-multi,31,2
697,9,2,writing,short-multi,32,1
698,9,2,writing,short-multi,33,3
699,9,2,writing,short-multi,34,1
700,9,2,writing,short-multi,35,2
701,9,2,writing,short-multi,36,1
702,9,2,writing,short-multi,37,4
703,9,2,writing,short-multi,38,1
704,9,2,writing,short-multi,39,3
705,9,2,writing,short-multi,40,2
706,9,2,writing,short-multi,45,2
707,9,2,writing,short-multi,46,4
708,9,2,writing,short-multi,47,3
709,9,2,writing,short-multi,48,3
710,9,2,writing,long-multi,53,4
711,9,2,writing,long-multi,54,4
712,9,2,writing,long-multi,55,2
713,9,2,writing,long-multi,56,2
714,9,2,writing,long-multi,57,3
715,9,2,writing,long-multi,58,4
716,9,2,writing,long-multi,59,3
717,9,2,writing,long-multi,60,4
718,10,novice,reading,short-single,37,4
719,10,novice,reading,short-single,38,2
720,10,novice,reading,short-single,39,2
721,10,novice,reading,short-single,40,1
722,10,novice,reading,long-single,53,4
723,10,novice,reading,long-single,59,2
724,10,novice,vocab,short-multi,3,1
725,10,novice,vocab,short-multi,4,2
726,10,novice,vocab,short-multi,5,1
727,10,novice,vocab,short-multi,7,1
728,10,novice,vocab,short-multi,8,4
729,10,novice,vocab,short-single,9,2
730,10,novice,vocab,short-single,10,1
731,10,novice,vocab,short-single,11,3
732,10,novice,vocab,short-single,12,1
733,10,novice,vocab,short-single,13,3
734,10,novice,vocab,short-single,14,4
735,10,novice,vocab,short-single,15,1
736,10,novice,vocab,short-multi,16,3
737,10,novice,vocab,short-multi,17,3
738,10,novice,vocab,short-multi,18,4
739,10,novice,vocab,short-multi,19,2
740,10,novice,vocab,short-multi,20,4
741,10,novice,vocab,short-multi,21,2
742,10,novice,vocab,short-multi,22,4
743,10,novice,vocab,long-multi,25,2
744,10,novice,vocab,long-multi,26,3
745,10,novice,vocab,long-multi,27,1
746,10,novice,vocab,long-multi,28,3
747,10,novice,vocab,long-multi,29,2
748,10,novice,vocab,long-multi,30,4
749,10,novice,writing,short-multi,31,3
750,10,novice,writing,short-multi,32,2
751,10,novice,writing,short-multi,33,1
752,10,novice,writing,short-multi,34,4
753,10,novice,writing,short-multi,35,4
754,10,novice,writing,long-single,38,3
755,11,novice,reading,short-single,37,1
756,11,novice,reading,short-single,38,3
757,11,novice,reading,short-single,39,1
758,11,novice,reading,short-single,40,2
759,11,novice,reading,long-single,51,2
760,11,novice,reading,long-single,57,2
761,11,novice,vocab,short-multi,3,1
762,11,novice,vocab,short-multi,4,3
763,11,novice,vocab,short-multi,5,4
764,11,novice,vocab,short-multi,6,4
765,11,novice,vocab,short-multi,8,2
766,11,novice,vocab,short-single,9,2
767,11,novice,vocab,short-single,10,2
768,11,novice,vocab,short-single,11,3
769,11,novice,vocab,short-single,12,1
770,11,novice,vocab,short-single,13,4
771,11,novice,vocab,short-single,14,2
772,11,novice,vocab,short-single,15,4
773,11,novice,vocab,short-multi,16,1
774,11,novice,vocab,short-multi,17,4
775,11,novice,vocab,short-multi,18,1
776,11,novice,vocab,short-multi,19,3
777,11,novice,vocab,short-multi,20,1
778,11,novice,vocab,short-multi,21,1
779,11,novice,vocab,short-multi,22,2
780,11,novice,vocab,long-multi,25,4
781,11,novice,vocab,long-multi,26,3
782,11,novice,vocab,long-multi,27,3
783,11,novice,vocab,long-multi,28,2
784,11,novice,vocab,long-single,29,3
785,11,novice,vocab,long-single,30,1
786,11,novice,writing,short-multi,31,2
787,11,novice,writing,short-multi,32,1
788,11,novice,writing,short-multi,33,1
789,11,novice,writing,short-multi,34,1
790,11,novice,writing,short-multi,35,2
791,11,novice,writing,long-single,38,4
792,12,novice,reading,short-single,37,2
793,12,novice,reading,short-single,38,3
794,12,novice,reading,short-single,39,1
795,12,novice,reading,short-single,40,4
796,12,novice,vocab,short-multi,3,2
797,12,novice,vocab,short-multi,5,4
798,12,novice,vocab,short-multi,6,3
799,12,novice,vocab,short-multi,7,1
800,12,novice,vocab,short-multi,8,4
801,12,novice,vocab,short-single,9,2
802,12,novice,vocab,short-single,10,3
803,12,novice,vocab,short-single,11,4
804,12,novice,vocab,short-single,12,3
805,12,novice,vocab,short-single,13,2
806,12,novice,vocab,short-single,14,1
807,12,novice,vocab,short-single,15,1
808,12,novice,vocab,short-multi,16,3
809,12,novice,vocab,short-multi,17,2
810,12,novice,vocab,short-multi,18,4
811,12,novice,vocab,short-multi,19,3
812,12,novice,vocab,short-multi,20,3
813,12,novice,vocab,short-multi,21,1
814,12,novice,vocab,short-multi,22,2
815,12,novice,vocab,long-multi,25,4
816,12,novice,vocab,long-multi,26,1
817,12,novice,vocab,long-multi,27,3
818,12,novice,vocab,long-multi,28,1
819,12,novice,vocab,long-single,29,4
820,12,novice,vocab,long-single,30,3
821,12,novice,writing,short-multi,31,3
822,12,novice,writing,short-multi,32,1
823,12,novice,writing,short-multi,33,1
824,12,novice,writing,short-multi,34,4
825,12,novice,writing,short-multi,35,4
826,12,novice,writing,short-multi,38,2
827,13,novice,reading,short-single,37,1
828,13,novice,reading,short-single,38,4
829,13,novice,reading,short-single,39,2
830,13,novice,reading,short-single,40,3
831,13,novice,reading,long-single,57,3
832,13,novice,reading,long-single,59,1
833,13,novice,vocab,short-multi,3,3
834,13,novice,vocab,short-multi,4,1
835,13,novice,vocab,short-multi,5,2
836,13,novice,vocab,short-multi,6,2
837,13,novice,vocab,short-multi,7,4
838,13,novice,vocab,short-multi,8,1
839,13,novice,vocab,short-single,9,4
840,13,novice,vocab,short-single,10,3
841,13,novice,vocab,short-single,11,3
842,13,novice,vocab,short-single,12,2
843,13,novice,vocab,short-single,13,1
844,13,novice,vocab,short-single,14,3
845,13,novice,vocab,short-single,15,2
846,13,novice,vocab,short-multi,16,4
847,13,novice,vocab,short-multi,17,1
848,13,novice,vocab,short-multi,18,4
849,13,novice,vocab,short-multi,19,3
850,13,novice,vocab,short-multi,20,1
851,13,novice,vocab,short-multi,21,2
852,13,novice,vocab,short-multi,22,2
853,13,novice,vocab,long-multi,25,1
854,13,novice,vocab,long-multi,26,3
855,13,novice,vocab,long-multi,27,1
856,13,novice,vocab,long-multi,28,4
857,13,novice,vocab,long-single,29,2
858,13,novice,vocab,long-single,30,3
859,13,novice,writing,short-multi,31,1
860,13,novice,writing,short-multi,32,3
861,13,novice,writing,short-multi,33,3
862,13,novice,writing,short-multi,34,4
863,13,novice,writing,short-multi,35,4
864,13,novice,writing,short-multi,38,2
865,14,novice,reading,short-single,37,1
866,14,novice,reading,short-single,38,4
867,14,novice,reading,short-single,39,2
868,14,novice,reading,short-single,40,3
869,14,novice,reading,long-single,57,3
870,14,novice,vocab,short-multi,3,1
871,14,novice,vocab,short-multi,5,3
872,14,novice,vocab,short-multi,6,3
873,14,novice,vocab,short-multi,7,4
874,14,novice,vocab,short-multi,8,4
875,14,novice,vocab,short-single,9,2
876,14,novice,vocab,short-single,10,1
877,14,novice,vocab,short-single,11,2
878,14,novice,vocab,short-single,12,1
879,14,novice,vocab,short-single,13,3
880,14,novice,vocab,short-single,14,4
881,14,novice,vocab,short-single,15,1
882,14,novice,vocab,short-multi,16,3
883,14,novice,vocab,short-multi,17,4
884,14,novice,vocab,short-multi,18,4
885,14,novice,vocab,short-multi,19,2
886,14,novice,vocab,short-multi,20,1
887,14,novice,vocab,short-multi,21,2
888,14,novice,vocab,short-multi,22,2
889,14,novice,vocab,long-multi,25,3
890,14,novice,vocab,long-multi,26,3
891,14,novice,vocab,long-multi,27,1
892,14,novice,vocab,long-multi,28,1
893,14,novice,vocab,long-single,29,3
894,14,novice,vocab,long-single,30,4
895,14,novice,writing,short-multi,31,1
896,14,novice,writing,short-multi,32,3
897,14,novice,writing,short-multi,33,2
898,14,novice,writing,short-multi,34,1
899,14,novice,writing,short-multi,35,2
900,14,novice,writing,long-single,38,3
901,15,novice,reading,short-single,37,2
902,15,novice,reading,short-single,38,4
903,15,novice,reading,short-single,39,3
904,15,novice,reading,short-single,40,1
905,15,novice,reading,long-single,51,4
906,15,novice,reading,long-single,55,2
907,15,novice,reading,long-single,57,2
908,15,novice,vocab,short-multi,3,1
909,15,novice,vocab,short-multi,5,4
910,15,novice,vocab,short-multi,6,3
911,15,novice,vocab,short-multi,7,2
912,15,novice,vocab,short-multi,8,4
913,15,novice,vocab,short-single,9,3
914,15,novice,vocab,short-single,10,2
915,15,novice,vocab,short-single,11,3
916,15,novice,vocab,short-single,12,4
917,15,novice,vocab,short-single,13,2
918,15,novice,vocab,short-single,14,4
919,15,novice,vocab,short-single,15,1
920,15,novice,vocab,short-multi,16,2
921,15,novice,vocab,short-multi,17,1
922,15,novice,vocab,short-multi,18,3
923,15,novice,vocab,short-multi,19,3
924,15,novice,vocab,short-multi,20,1
925,15,novice,vocab,short-multi,21,2
926,15,novice,vocab,short-multi,22,1
927,15,novice,vocab,long-multi,25,2
928,15,novice,vocab,long-multi,26,4
929,15,novice,vocab,long-multi,27,2
930,15,novice,vocab,long-multi,28,1
931,15,novice,vocab,long-single,29,1
932,15,novice,vocab,long-single,30,4
933,15,novice,writing,short-multi,31,3
934,15,novice,writing,short-multi,32,2
935,15,novice,writing,short-multi,33,3
936,15,novice,writing,short-multi,34,4
937,15,novice,writing,short-multi,35,1
938,15,novice,writing,long-single,38,1
939,16,novice,reading,short-single,37,1
940,16,novice,reading,short-single,38,4
941,16,novice,reading,short-single,39,3
942,16,novice,reading,short-single,40,1
943,16,novice,reading,long-single,51,2
944,16,novice,reading,long-single,55,4
945,16,novice,reading,long-single,57,1
946,16,novice,vocab,short-multi,3,3
947,16,novice,vocab,short-multi,4,1
948,16,novice,vocab,short-multi,6,2
949,16,novice,vocab,short-multi,7,2
950,16,novice,vocab,short-multi,8,4
951,16,novice,vocab,short-single,9,3
952,16,novice,vocab,short-single,10,4
953,16,novice,vocab,short-single,11,1
954,16,novice,vocab,short-single,12,2
955,16,novice,vocab,short-single,13,3
956,16,novice,vocab,short-single,14,4
957,16,novice,vocab,short-single,15,3
958,16,novice,vocab,short-multi,16,2
959,16,novice,vocab,short-multi,17,1
960,16,novice,vocab,short-multi,18,4
961,16,novice,vocab,short-multi,19,3
962,16,novice,vocab,short-multi,20,4
963,16,novice,vocab,short-multi,21,3
964,16,novice,vocab,short-multi,22,2
965,16,novice,vocab,long-multi,25,2
966,16,novice,vocab,long-multi,26,1
967,16,novice,vocab,long-multi,27,4
968,16,novice,vocab,long-multi,28,2
969,16,novice,vocab,long-single,29,1
970,16,novice,vocab,long-single,30,1
971,16,novice,writing,short-multi,31,1
972,16,novice,writing,short-multi,32,4
973,16,novice,writing,short-multi,33,3
974,16,novice,writing,short-multi,34,1
975,16,novice,writing,short-multi,35,4
976,16,novice,writing,long-single,38,2
977,17,novice,reading,short-single,37,1
978,17,novice,reading,short-single,38,2
979,17,novice,reading,short-single,39,3
980,17,novice,reading,short-single,40,1
981,17,novice,reading,long-single,55,2
982,17,novice,reading,long-single,57,3
983,17,novice,vocab,short-multi,3,4
984,17,novice,vocab,short-multi,6,4
985,17,novice,vocab,short-multi,7,3
986,17,novice,vocab,short-multi,8,3
987,17,novice,vocab,short-single,9,1
988,17,novice,vocab,short-single,10,4
989,17,novice,vocab,short-single,11,2
990,17,novice,vocab,short-single,12,1
991,17,novice,vocab,short-single,13,1
992,17,novice,vocab,short-single,14,2
993,17,novice,vocab,short-single,15,3
994,17,novice,vocab,short-multi,16,1
995,17,novice,vocab,short-multi,17,3
996,17,novice,vocab,short-multi,18,3
997,17,novice,vocab,short-multi,19,1
998,17,novice,vocab,short-multi,20,1
999,17,novice,vocab,short-multi,21,4
1000,17,novice,vocab,short-multi,22,2
1001,17,novice,vocab,long-multi,25,3
1002,17,novice,vocab,long-multi,26,2
1003,17,novice,vocab,long-multi,27,2
1004,17,novice,vocab,long-multi,28,1
1005,17,novice,vocab,long-single,29,4
1006,17,novice,vocab,long-single,30,4
1007,17,novice,writing,short-multi,31,4
1008,17,novice,writing,short-multi,32,1
1009,17,novice,writing,short-multi,33,3
1010,17,novice,writing,short-multi,34,2
1011,17,novice,writing,short-multi,35,2
1012,17,novice,writing,long-single,38,1
1013,18,novice,reading,short-single,37,2
1014,18,novice,reading,short-single,38,2
1015,18,novice,reading,short-single,39,2
1016,18,novice,reading,short-single,40,4
1017,18,novice,reading,long-single,55,1
1018,18,novice,reading,long-single,57,3
1019,18,novice,vocab,short-multi,3,3
1020,18,novice,vocab,short-multi,5,4
1021,18,novice,vocab,short-multi,6,2
1022,18,novice,vocab,short-multi,7,4
1023,18,novice,vocab,short-multi,8,1
1024,18,novice,vocab,short-single,9,2
1025,18,novice,vocab,short-single,10,4
1026,18,novice,vocab,short-single,11,2
1027,18,novice,vocab,short-single,12,4
1028,18,novice,vocab,short-single,13,2
1029,18,novice,vocab,short-single,14,3
1030,18,novice,vocab,short-single,15,1
1031,18,novice,vocab,short-multi,16,3
1032,18,novice,vocab,short-multi,17,1
1033,18,novice,vocab,short-multi,18,2
1034,18,novice,vocab,short-multi,19,3
1035,18,novice,vocab,short-multi,20,4
1036,18,novice,vocab,short-multi,21,1
1037,18,novice,vocab,short-multi,22,2
1038,18,novice,vocab,long-multi,25,2
1039,18,novice,vocab,long-multi,26,1
1040,18,novice,vocab,long-multi,27,2
1041,18,novice,vocab,long-multi,28,4
1042,18,novice,vocab,long-single,29,3
1043,18,novice,vocab,long-single,30,4
1044,18,novice,writing,short-multi,31,4
1045,18,novice,writing,short-multi,32,3
1046,18,novice,writing,short-multi,33,3
1047,18,novice,writing,short-multi,34,2
1048,18,novice,writing,short-multi,35,3
1049,18,novice,writing,long-single,38,1
1050,19,novice,reading,short-single,37,1
1051,19,novice,reading,short-single,38,4
1052,19,novice,reading,short-single,39,3
1053,19,novice,reading,short-single,40,1
1054,19,novice,reading,long-single,51,3
1055,19,novice,reading,long-single,55,3
1056,19,novice,reading,long-single,57,2
1057,19,novice,vocab,short-multi,4,2
1058,19,novice,vocab,short-multi,5,1
1059,19,novice,vocab,short-multi,6,2
1060,19,novice,vocab,short-multi,7,4
1061,19,novice,vocab,short-multi,8,1
1062,19,novice,vocab,short-single,9,3
1063,19,novice,vocab,short-single,10,2
1064,19,novice,vocab,short-single,11,3
1065,19,novice,vocab,short-single,12,4
1066,19,novice,vocab,short-single,13,1
1067,19,novice,vocab,short-single,14,2
1068,19,novice,vocab,short-single,15,1
1069,19,novice,vocab,short-multi,16,4
1070,19,novice,vocab,short-multi,17,3
1071,19,novice,vocab,short-multi,18,4
1072,19,novice,vocab,short-multi,19,1
1073,19,novice,vocab,short-multi,20,2
1074,19,novice,vocab,short-multi,21,3
1075,19,novice,vocab,short-multi,22,4
1076,19,novice,vocab,long-multi,25,2
1077,19,novice,vocab,long-multi,26,4
1078,19,novice,vocab,long-multi,27,1
1079,19,novice,vocab,long-multi,28,3
1080,19,novice,vocab,long-single,29,4
1081,19,novice,vocab,long-single,30,2
1082,19,novice,writing,short-multi,31,3
1083,19,novice,writing,short-multi,32,2
1084,19,novice,writing,short-multi,33,1
1085,19,novice,writing,short-multi,34,2
1086,19,novice,writing,short-multi,35,3
1087,19,novice,writing,short-multi,38,4
1088,20,novice,reading,short-single,37,3
1089,20,novice,reading,short-single,38,4
1090,20,novice,reading,short-single,39,3
1091,20,novice,reading,short-single,40,4
1092,20,novice,reading,long-single,51,3
1093,20,novice,reading,long-single,55,2
1094,20,novice,reading,long-single,57,3
1095,20,novice,vocab,short-multi,3,1
1096,20,novice,vocab,short-multi,4,2
1097,20,novice,vocab,short-multi,5,4
1098,20,novice,vocab,short-multi,6,1
1099,20,novice,vocab,short-multi,7,3
1100,20,novice,vocab,short-multi,8,4
1101,20,novice,vocab,short-single,9,3
1102,20,novice,vocab,short-single,10,1
1103,20,novice,vocab,short-single,11,4
1104,20,novice,vocab,short-single,12,2
1105,20,novice,vocab,short-single,13,1
1106,20,novice,vocab,short-single,14,3
1107,20,novice,vocab,short-single,15,4
1108,20,novice,vocab,short-multi,16,2
1109,20,novice,vocab,short-multi,17,3
1110,20,novice,vocab,short-multi,18,2
1111,20,novice,vocab,short-multi,19,2
1112,20,novice,vocab,short-multi,20,4
1113,20,novice,vocab,short-multi,21,1
1114,20,novice,vocab,short-multi,22,3
1115,20,novice,vocab,long-multi,25,1
1116,20,novice,vocab,long-multi,26,3
1117,20,novice,vocab,long-multi,27,4
1118,20,novice,vocab,long-multi,28,1
1119,20,novice,vocab,long-single,29,4
1120,20,novice,vocab,long-single,30,3
1121,20,novice,writing,short-multi,31,4
1122,20,novice,writing,short-multi,32,1
1123,20,novice,writing,short-multi,33,2
1124,20,novice,writing,short-multi,34,4
1125,20,novice,writing,short-multi,35,2
1126,20,novice,writing,long-single,38,4
1127,21,novice,reading,short-single,37,2
1128,21,novice,reading,short-single,38,4
1129,21,novice,reading,short-single,39,3
1130,21,novice,reading,short-single,40,3
1131,21,novice,reading,long-single,51,4
1132,21,novice,reading,long-single,55,4
1133,21,novice,reading,long-single,57,3
1134,21,novice,vocab,short-multi,3,4
1135,21,novice,vocab,short-multi,5,2
1136,21,novice,vocab,short-multi,6,1
1137,21,novice,vocab,short-multi,7,3
1138,21,novice,vocab,short-multi,8,1
1139,21,novice,vocab,short-single,9,2
1140,21,novice,vocab,short-single,10,4
1141,21,novice,vocab,short-single,11,3
1142,21,novice,vocab,short-single,12,2
1143,21,novice,vocab,short-single,13,3
1144,21,novice,vocab,short-single,14,1
1145,21,novice,vocab,short-single,15,3
1146,21,novice,vocab,short-multi,16,2
1147,21,novice,vocab,short-multi,17,2
1148,21,novice,vocab,short-multi,18,4
1149,21,novice,vocab,short-multi,19,4
1150,21,novice,vocab,short-multi,20,1
1151,21,novice,vocab,short-multi,21,3
1152,21,novice,vocab,short-multi,22,1
1153,21,novice,vocab,long-multi,25,1
1154,21,novice,vocab,long-multi,26,2
1155,21,novice,vocab,long-multi,27,1
1156,21,novice,vocab,long-multi,28,3
1157,21,novice,vocab,long-single,29,2
1158,21,novice,vocab,long-single,30,4
1159,21,novice,writing,short-multi,31,1
1160,21,novice,writing,short-multi,32,4
1161,21,novice,writing,short-multi,33,3
1162,21,novice,writing,short-multi,34,4
1163,21,novice,writing,short-multi,35,3
1164,21,novice,writing,long-single,38,3
1165,22,novice,reading,short-single,37,3
1166,22,novice,reading,short-single,38,2
1167,22,novice,reading,short-single,39,1
1168,22,novice,reading,short-single,40,2
1169,22,novice,reading,long-single,51,4
1170,22,novice,reading,long-single,55,4
1171,22,novice,reading,long-single,57,4
1172,22,novice,vocab,short-multi,3,1
1173,22,novice,vocab,short-multi,5,2
1174,22,novice,vocab,short-multi,6,1
1175,22,novice,vocab,short-multi,7,3
1176,22,novice,vocab,short-multi,8,2
1177,22,novice,vocab,short-single,9,1
1178,22,novice,vocab,short-single,10,2
1179,22,novice,vocab,short-single,11,3
1180,22,novice,vocab,short-single,12,4
1181,22,novice,vocab,short-single,13,3
1182,22,novice,vocab,short-single,14,2
1183,22,novice,vocab,short-single,15,4
1184,22,novice,vocab,short-multi,16,1
1185,22,novice,vocab,short-multi,17,4
1186,22,novice,vocab,short-multi,18,2
1187,22,novice,vocab,short-multi,19,3
1188,22,novice,vocab,short-multi,20,1
1189,22,novice,vocab,short-multi,21,1
1190,22,novice,vocab,short-multi,22,3
1191,22,novice,vocab,long-multi,25,4
1192,22,novice,vocab,long-multi,26,3
1193,22,novice,vocab,long-multi,27,1
1194,22,novice,vocab,long-multi,28,4
1195,22,novice,vocab,long-single,29,1
1196,22,novice,vocab,long-single,30,2
1197,22,novice,writing,short-multi,31,1
1198,22,novice,writing,short-multi,32,4
1199,22,novice,writing,short-multi,33,2
1200,22,novice,writing,short-multi,34,1
1201,22,novice,writing,short-multi,35,1
1202,22,novice,writing,long-single,38,2
1203,23,novice,reading,short-single,37,3
1204,23,novice,reading,short-single,38,1
1205,23,novice,reading,short-single,39,4
1206,23,novice,reading,short-single,40,2
1207,23,novice,reading,long-single,51,2
1208,23,novice,reading,long-single,55,4
1209,23,novice,reading,long-single,57,2
1210,23,novice,vocab,short-multi,3,2
1211,23,novice,vocab,short-multi,5,1
1212,23,novice,vocab,short-multi,6,3
1213,23,novice,vocab,short-multi,7,2
1214,23,novice,vocab,short-multi,8,1
1215,23,novice,vocab,short-single,9,4
1216,23,novice,vocab,short-single,10,3
1217,23,novice,vocab,short-single,11,4
1218,23,novice,vocab,short-single,12,3
1219,23,novice,vocab,short-single,13,4
1220,23,novice,vocab,short-single,14,1
1221,23,novice,vocab,short-single,15,2
1222,23,novice,vocab,short-multi,16,2
1223,23,novice,vocab,short-multi,17,3
1224,23,novice,vocab,short-multi,18,3
1225,23,novice,vocab,short-multi,19,1
1226,23,novice,vocab,short-multi,20,4
1227,23,novice,vocab,short-multi,21,2
1228,23,novice,vocab,short-multi,22,1
1229,23,novice,vocab,long-multi,25,1
1230,23,novice,vocab,long-multi,26,2
1231,23,novice,vocab,long-multi,27,3
1232,23,novice,vocab,long-multi,28,4
1233,23,novice,vocab,long-single,29,4
1234,23,novice,vocab,long-single,30,1
1235,23,novice,writing,short-multi,31,1
1236,23,novice,writing,short-multi,32,4
1237,23,novice,writing,short-multi,33,3
1238,23,novice,writing,short-multi,34,3
1239,23,novice,writing,short-multi,35,4
1240,23,novice,writing,long-single,38,1
1241,24,novice,reading,short-single,37,3
1242,24,novice,reading,short-single,38,1
1243,24,novice,reading,short-single,39,2
1244,24,novice,reading,short-single,40,3
1245,24,novice,reading,long-single,51,3
1246,24,novice,reading,long-single,55,1
1247,24,novice,reading,long-single,57,1
1248,24,novice,vocab,short-multi,4,3
1249,24,novice,vocab,short-multi,5,3
1250,24,novice,vocab,short-multi,6,4
1251,24,novice,vocab,short-multi,7,3
1252,24,novice,vocab,short-multi,8,1
1253,24,novice,vocab,short-single,9,4
1254,24,novice,vocab,short-single,10,1
1255,24,novice,vocab,short-single,11,3
1256,24,novice,vocab,short-single,12,4
1257,24,novice,vocab,short-single,13,3
1258,24,novice,vocab,short-single,14,2
1259,24,novice,vocab,short-single,15,2
1260,24,novice,vocab,short-multi,16,3
1261,24,novice,vocab,short-multi,17,1
1262,24,novice,vocab,short-multi,18,1
1263,24,novice,vocab,short-multi,19,2
1264,24,novice,vocab,short-multi,20,1
1265,24,novice,vocab,short-multi,21,2
1266,24,novice,vocab,short-multi,22,3
1267,24,novice,vocab,long-multi,25,4
1268,24,novice,vocab,long-multi,26,1
1269,24,novice,vocab,long-multi,27,2
1270,24,novice,vocab,long-multi,28,4
1271,24,novice,vocab,long-single,29,4
1272,24,novice,vocab,long-single,30,2
1273,24,novice,writing,short-multi,31,1
1274,24,novice,writing,short-multi,32,4
1275,24,novice,writing,short-multi,33,4
1276,24,novice,writing,short-multi,34,3
1277,24,novice,writing,short-multi,35,1
1278,24,novice,writing,long-single,38,2
1279,25,novice,reading,short-single,37,2
1280,25,novice,reading,short-single,38,3
1281,25,novice,reading,short-single,39,2
1282,25,novice,reading,short-single,40,1
1283,25,novice,reading,long-single,51,4
1284,25,novice,reading,long-single,55,2
1285,25,novice,reading,long-single,57,2
1286,25,novice,vocab,short-multi,4,1
1287,25,novice,vocab,short-multi,5,4
1288,25,novice,vocab,short-multi,6,2
1289,25,novice,vocab,short-multi,7,4
1290,25,novice,vocab,short-multi,8,1
1291,25,novice,vocab,short-single,9,3
1292,25,novice,vocab,short-single,10,1
1293,25,novice,vocab,short-single,11,4
1294,25,novice,vocab,short-single,12,1
1295,25,novice,vocab,short-single,13,2
1296,25,novice,vocab,short-single,14,1
1297,25,novice,vocab,short-single,15,4
1298,25,novice,vocab,short-multi,16,2
1299,25,novice,vocab,short-multi,17,2
1300,25,novice,vocab,short-multi,18,3
1301,25,novice,vocab,short-multi,19,4
1302,25,novice,vocab,short-multi,20,2
1303,25,novice,vocab,short-multi,21,1
1304,25,novice,vocab,short-multi,22,3
1305,25,novice,vocab,long-multi,25,2
1306,25,novice,vocab,long-multi,26,3
1307,25,novice,vocab,long-multi,27,3
1308,25,novice,vocab,long-multi,28,1
1309,25,novice,vocab,long-single,29,2
1310,25,novice,vocab,long-single,30,3
1311,25,novice,writing,short-multi,31,4
1312,25,novice,writing,short-multi,32,1
1313,25,novice,writing,short-multi,33,2
1314,25,novice,writing,short-multi,34,4
1315,25,novice,writing,short-multi,35,4
1316,25,novice,writing,short-multi,38,2
1317,26,novice,reading,short-single,37,3
1318,26,novice,reading,short-single,38,1
1319,26,novice,reading,short-single,39,3
1320,26,novice,reading,short-single,40,1
1321,26,novice,reading,long-single,51,1
1322,26,novice,reading,long-single,55,3
1323,26,novice,reading,long-single,57,2
1324,26,novice,vocab,short-multi,3,4
1325,26,novice,vocab,short-multi,5,1
1326,26,novice,vocab,short-multi,6,2
1327,26,novice,vocab,short-multi,7,4
1328,26,novice,vocab,short-multi,8,1
1329,26,novice,vocab,short-single,9,1
1330,26,novice,vocab,short-single,10,1
1331,26,novice,vocab,short-single,11,2
1332,26,novice,vocab,short-single,12,1
1333,26,novice,vocab,short-single,13,2
1334,26,novice,vocab,short-single,14,4
1335,26,novice,vocab,short-single,15,1
1336,26,novice,vocab,short-multi,16,3
1337,26,novice,vocab,short-multi,17,3
1338,26,novice,vocab,short-multi,18,2
1339,26,novice,vocab,short-multi,19,4
1340,26,novice,vocab,short-multi,20,3
1341,26,novice,vocab,short-multi,21,1
1342,26,novice,vocab,short-multi,22,2
1343,26,novice,vocab,long-multi,25,4
1344,26,novice,vocab,long-multi,26,3
1345,26,novice,vocab,long-multi,27,4
1346,26,novice,vocab,long-multi,28,2
1347,26,novice,vocab,long-single,29,3
1348,26,novice,vocab,long-single,30,1
1349,26,novice,writing,short-multi,31,4
1350,26,novice,writing,short-multi,32,2
1351,26,novice,writing,short-multi,33,1
1352,26,novice,writing,short-multi,34,3
1353,26,novice,writing,short-multi,35,2
1354,26,novice,writing,long-single,38,4
1355,27,novice,reading,short-single,37,1
1356,27,novice,reading,short-single,38,2
1357,27,novice,reading,short-single,39,4
1358,27,novice,reading,short-single,40,4
1359,27,novice,reading,long-single,51,1
1360,27,novice,reading,long-single,55,2
1361,27,novice,reading,long-single,57,3
1362,27,novice,vocab,short-multi,4,4
1363,27,novice,vocab,short-multi,5,3
1364,27,novice,vocab,short-multi,6,1
1365,27,novice,vocab,short-multi,7,1
1366,27,novice,vocab,short-multi,8,4
1367,27,novice,vocab,short-single,9,2
1368,27,novice,vocab,short-single,10,3
1369,27,novice,vocab,short-single,11,3
1370,27,novice,vocab,short-single,12,4
1371,27,novice,vocab,short-single,13,1
1372,27,novice,vocab,short-single,14,4
1373,27,novice,vocab,short-single,15,1
1374,27,novice,vocab,short-multi,16,2
1375,27,novice,vocab,short-multi,17,1
1376,27,novice,vocab,short-multi,18,2
1377,27,novice,vocab,short-multi,19,3
1378,27,novice,vocab,short-multi,20,1
1379,27,novice,vocab,short-multi,21,4
1380,27,novice,vocab,short-multi,22,2
1381,27,novice,vocab,long-multi,25,3
1382,27,novice,vocab,long-multi,26,3
1383,27,novice,vocab,long-multi,27,2
1384,27,novice,vocab,long-multi,28,3
1385,27,novice,vocab,long-single,29,2
1386,27,novice,vocab,long-single,30,1
1387,27,novice,writing,short-multi,31,4
1388,27,novice,writing,short-multi,32,2
1389,27,novice,writing,short-multi,33,1
1390,27,novice,writing,short-multi,34,3
1391,27,novice,writing,short-multi,35,2
1392,27,novice,writing,long-single,38,4
1393,28,novice,reading,short-single,37,3
1394,28,novice,reading,short-single,38,4
1395,28,novice,reading,short-single,39,4
1396,28,novice,reading,short-single,40,2
1397,28,novice,reading,long-single,51,3
1398,28,novice,reading,long-single,55,1
1399,28,novice,reading,long-single,57,2
1400,28,novice,vocab,short-multi,4,2
1401,28,novice,vocab,short-multi,5,2
1402,28,novice,vocab,short-multi,6,3
1403,28,novice,vocab,short-multi,7,1
1404,28,novice,vocab,short-multi,8,2
1405,28,novice,vocab,short-single,9,3
1406,28,novice,vocab,short-single,10,1
1407,28,novice,vocab,short-single,11,3
1408,28,novice,vocab,short-single,12,4
1409,28,novice,vocab,short-single,13,1
1410,28,novice,vocab,short-single,14,4
1411,28,novice,vocab,short-single,15,1
1412,28,novice,vocab,short-multi,16,1
1413,28,novice,vocab,short-multi,17,2
1414,28,novice,vocab,short-multi,18,3
1415,28,novice,vocab,short-multi,19,2
1416,28,novice,vocab,short-multi,20,1
1417,28,novice,vocab,short-multi,21,2
1418,28,novice,vocab,short-multi,22,4
1419,28,novice,vocab,long-multi,25,4
1420,28,novice,vocab,long-multi,26,3
1421,28,novice,vocab,long-multi,27,3
1422,28,novice,vocab,long-multi,28,4
1423,28,novice,vocab,long-single,29,2
1424,28,novice,vocab,long-single,30,4
1425,28,novice,writing,short-multi,31,2
1426,28,novice,writing,short-multi,32,3
1427,28,novice,writing,short-multi,33,4
1428,28,novice,writing,short-multi,34,3
1429,28,novice,writing,short-multi,35,4
1430,28,novice,writing,long-single,38,1
1431,29,novice,reading,short-single,37,1
1432,29,novice,reading,short-single,38,2
1433,29,novice,reading,short-single,39,4
1434,29,novice,reading,short-single,40,4
1435,29,novice,reading,long-single,51,1
1436,29,novice,reading,long-single,55,2
1437,29,novice,reading,long-single,57,1
1438,29,novice,vocab,short-multi,3,3
1439,29,novice,vocab,short-multi,4,1
1440,29,novice,vocab,short-multi,5,2
1441,29,novice,vocab,short-multi,6,1
1442,29,novice,vocab,short-multi,7,4
1443,29,novice,vocab,short-multi,8,2
1444,29,novice,vocab,short-single,9,3
1445,29,novice,vocab,short-single,10,2
1446,29,novice,vocab,short-single,11,1
1447,29,novice,vocab,short-single,12,3
1448,29,novice,vocab,short-single,13,1
1449,29,novice,vocab,short-single,14,2
1450,29,novice,vocab,short-single,15,4
1451,29,novice,vocab,short-multi,16,2
1452,29,novice,vocab,short-multi,17,3
1453,29,novice,vocab,short-multi,18,3
1454,29,novice,vocab,short-multi,19,2
1455,29,novice,vocab,short-multi,20,4
1456,29,novice,vocab,short-multi,21,1
1457,29,novice,vocab,short-multi,22,4
1458,29,novice,vocab,long-multi,25,4
1459,29,novice,vocab,long-multi,26,2
1460,29,novice,vocab,long-multi,27,1
1461,29,novice,vocab,long-multi,28,4
1462,29,novice,vocab,long-single,29,2
1463,29,novice,vocab,long-single,30,3
1464,29,novice,writing,short-multi,31,1
1465,29,novice,writing,short-multi,32,3
1466,29,novice,writing,short-multi,33,4
1467,29,novice,writing,short-multi,34,3
1468,29,novice,writing,short-multi,35,1
1469,29,novice,writing,long-single,38,1
1470,30,novice,reading,short-single,37,1
1471,30,novice,reading,short-single,38,3
1472,30,novice,reading,short-single,39,3
1473,30,novice,reading,short-single,40,4
1474,30,novice,reading,long-single,51,3
1475,30,novice,reading,long-single,55,2
1476,30,novice,reading,long-single,57,1
1477,30,novice,vocab,short-multi,3,2
1478,30,novice,vocab,short-multi,4,3
1479,30,novice,vocab,short-multi,6,2
1480,30,novice,vocab,short-multi,7,4
1481,30,novice,vocab,short-multi,8,3
1482,30,novice,vocab,short-single,9,2
1483,30,novice,vocab,short-single,10,3
1484,30,novice,vocab,short-single,11,4
1485,30,novice,vocab,short-single,12,1
1486,30,novice,vocab,short-single,13,2
1487,30,novice,vocab,short-single,14,4
1488,30,novice,vocab,short-single,15,3
1489,30,novice,vocab,short-multi,16,1
1490,30,novice,vocab,short-multi,17,1
1491,30,novice,vocab,short-multi,18,3
1492,30,novice,vocab,short-multi,19,2
1493,30,novice,vocab,short-multi,20,4
1494,30,novice,vocab,short-multi,21,4
1495,30,novice,vocab,short-multi,22,2
1496,30,novice,vocab,long-multi,25,1
1497,30,novice,vocab,long-multi,26,2
1498,30,novice,vocab,long-multi,27,1
1499,30,novice,vocab,long-multi,28,3
1500,30,novice,vocab,long-single,29,4
1501,30,novice,vocab,long-single,30,2
1502,30,novice,writing,short-multi,31,1
1503,30,novice,writing,short-multi,32,3
1504,30,novice,writing,short-multi,33,4
1505,30,novice,writing,short-multi,34,2
1506,30,novice,writing,short-multi,35,1
1507,30,novice,writing,long-single,38,2
1508,31,novice,reading,short-single,37,3
1509,31,novice,reading,short-single,38,1
1510,31,novice,reading,short-single,39,4
1511,31,novice,reading,short-single,40,1
1512,31,novice,reading,long-single,51,2
1513,31,novice,reading,long-single,55,2
1514,31,novice,reading,long-single,57,1
1515,31,novice,vocab,short-multi,3,1
1516,31,novice,vocab,short-multi,4,4
1517,31,novice,vocab,short-multi,6,4
1518,31,novice,vocab,short-multi,7,3
1519,31,novice,vocab,short-multi,8,2
1520,31,novice,vocab,short-single,9,2
1521,31,novice,vocab,short-single,10,1
1522,31,novice,vocab,short-single,11,4
1523,31,novice,vocab,short-single,12,3
1524,31,novice,vocab,short-single,13,2
1525,31,novice,vocab,short-single,14,3
1526,31,novice,vocab,short-single,15,1
1527,31,novice,vocab,short-multi,16,1
1528,31,novice,vocab,short-multi,17,3
1529,31,novice,vocab,short-multi,18,4
1530,31,novice,vocab,short-multi,19,4
1531,31,novice,vocab,short-multi,20,1
1532,31,novice,vocab,short-multi,21,2
1533,31,novice,vocab,short-multi,22,1
1534,31,novice,vocab,long-multi,25,3
1535,31,novice,vocab,long-multi,26,4
1536,31,novice,vocab,long-multi,27,2
1537,31,novice,vocab,long-multi,28,3
1538,31,novice,vocab,long-single,29,2
1539,31,novice,vocab,long-single,30,4
1540,31,novice,writing,short-multi,31,4
1541,31,novice,writing,short-multi,32,2
1542,31,novice,writing,short-multi,33,3
1543,31,novice,writing,short-multi,34,4
1544,31,novice,writing,short-multi,35,1
1545,31,novice,writing,long-single,38,1
1546,32,novice,reading,short-single,37,2
1547,32,novice,reading,short-single,38,2
1548,32,novice,reading,short-single,39,4
1549,32,novice,reading,short-single,40,4
1550,32,novice,reading,long-single,51,4
1551,32,novice,reading,long-single,55,2
1552,32,novice,reading,long-single,57,2
1553,32,novice,vocab,short-multi,3,2
1554,32,novice,vocab,short-multi,4,3
1555,32,novice,vocab,short-multi,5,2
1556,32,novice,vocab,short-multi,6,3
1557,32,novice,vocab,short-multi,7,1
1558,32,novice,vocab,short-multi,8,4
1559,32,novice,vocab,short-single,9,1
1560,32,novice,vocab,short-single,10,2
1561,32,novice,vocab,short-single,11,3
1562,32,novice,vocab,short-single,12,4
1563,32,novice,vocab,short-single,13,4
1564,32,novice,vocab,short-single,14,2
1565,32,novice,vocab,short-single,15,3
1566,32,novice,vocab,short-multi,16,1
1567,32,novice,vocab,short-multi,17,3
1568,32,novice,vocab,short-multi,18,4
1569,32,novice,vocab,short-multi,19,4
1570,32,novice,vocab,short-multi,20,1
1571,32,novice,vocab,short-multi,21,3
1572,32,novice,vocab,short-multi,22,2
1573,32,novice,vocab,long-multi,25,4
1574,32,novice,vocab,long-multi,26,4
1575,32,novice,vocab,long-multi,27,1
1576,32,novice,vocab,long-multi,28,2
1577,32,novice,vocab,long-single,29,4
1578,32,novice,vocab,long-single,30,2
1579,32,novice,writing,short-multi,31,4
1580,32,novice,writing,short-multi,32,2
1581,32,novice,writing,short-multi,33,1
1582,32,novice,writing,short-multi,34,3
1583,32,novice,writing,short-multi,35,3
1584,32,novice,writing,long-single,38,4
1585,33,novice,reading,short-single,37,2
1586,33,novice,reading,short-single,38,4
1587,33,novice,reading,short-single,39,1
1588,33,novice,reading,short-single,40,3
1589,33,novice,reading,long-single,51,1
1590,33,novice,reading,long-single,55,3
1591,33,novice,reading,long-single,57,1
1592,33,novice,vocab,short-multi,4,3
1593,33,novice,vocab,short-multi,5,1
1594,33,novice,vocab,short-multi,6,1
1595,33,novice,vocab,short-multi,7,3
1596,33,novice,vocab,short-multi,8,2
1597,33,novice,vocab,short-single,9,4
1598,33,novice,vocab,short-single,10,1
1599,33,novice,vocab,short-single,11,1
1600,33,novice,vocab,short-single,12,2
1601,33,novice,vocab,short-single,13,3
1602,33,novice,vocab,short-single,14,2
1603,33,novice,vocab,short-single,15,1
1604,33,novice,vocab,short-multi,16,2
1605,33,novice,vocab,short-multi,17,3
1606,33,novice,vocab,short-multi,18,2
1607,33,novice,vocab,short-multi,19,4
1608,33,novice,vocab,short-multi,20,1
1609,33,novice,vocab,short-multi,21,2
1610,33,novice,vocab,short-multi,22,3
1611,33,novice,vocab,long-multi,25,4
1612,33,novice,vocab,long-multi,26,1
1613,33,novice,vocab,long-multi,27,4
1614,33,novice,vocab,long-multi,28,1
1615,33,novice,vocab,long-single,29,4
1616,33,novice,vocab,long-single,30,4
1617,33,novice,writing,short-multi,31,2
1618,33,novice,writing,short-multi,32,3
1619,33,novice,writing,short-multi,33,2
1620,33,novice,writing,short-multi,34,1
1621,33,novice,writing,short-multi,35,3
1622,33,novice,writing,long-single,38,1
1623,34,novice,reading,short-single,37,3
1624,34,novice,reading,short-single,38,1
1625,34,novice,reading,short-single,39,2
1626,34,novice,reading,short-single,40,4
1627,34,novice,reading,long-single,51,2
1628,34,novice,reading,long-single,55,2
1629,34,novice,reading,long-single,57,3
1630,34,novice,vocab,short-multi,3,1
1631,34,novice,vocab,short-multi,4,2
1632,34,novice,vocab,short-multi,6,1
1633,34,novice,vocab,short-multi,7,4
1634,34,novice,vocab,short-multi,8,4
1635,34,novice,vocab,short-single,9,3
1636,34,novice,vocab,short-single,10,1
1637,34,novice,vocab,short-single,11,4
1638,34,novice,vocab,short-single,12,2
1639,34,novice,vocab,short-single,13,3
1640,34,novice,vocab,short-single,14,3
1641,34,novice,vocab,short-single,15,2
1642,34,novice,vocab,short-multi,16,1
1643,34,novice,vocab,short-multi,17,4
1644,34,novice,vocab,short-multi,18,1
1645,34,novice,vocab,short-multi,19,3
1646,34,novice,vocab,short-multi,20,1
1647,34,novice,vocab,short-multi,21,4
1648,34,novice,vocab,short-multi,22,3
1649,34,novice,vocab,long-multi,25,1
1650,34,novice,vocab,long-multi,26,2
1651,34,novice,vocab,long-multi,27,3
1652,34,novice,vocab,long-multi,28,2
1653,34,novice,vocab,long-single,29,3
1654,34,novice,vocab,long-single,30,2
1655,34,novice,writing,short-multi,31,1
1656,34,novice,writing,short-multi,32,3
1657,34,novice,writing,short-multi,33,2
1658,34,novice,writing,short-multi,34,2
1659,34,novice,writing,short-multi,35,4
1660,34,novice,writing,long-single,38,3
1661,35,I,reading,short-single,34,4
1662,35,I,reading,short-single,35,1
1663,35,I,reading,short-single,36,3
1664,35,I,reading,short-single,37,3
1665,35,I,reading,short-single,38,1
1666,35,I,reading,short-single,39,1
1667,35,I,reading,long-single,49,2
1668,35,I,reading,long-single,51,1
1669,35,I,reading,long-single,53,4
1670,35,I,reading,long-single,55,3
1671,35,I,reading,long-single,61,1
1672,35,I,reading,long-single,65,2
1673,35,I,reading,long-single,67,1
1674,35,I,reading,long-single,68,3
1675,35,I,reading,long-single,69,4
1676,35,II,reading,short-single,1,3
1677,35,II,reading,short-single,2,4
1678,35,II,reading,long-single,16,2
1679,35,II,reading,long-single,17,3
1680,35,II,reading,long-single,18,3
1681,35,II,reading,long-single,19,2
1682,35,II,reading,long-single,21,1
1683,35,II,reading,long-single,28,3
1684,35,II,reading,long-single,29,4
1685,35,II,reading,long-single,30,4
1686,35,II,reading,long-single,31,1
1687,35,II,reading,long-single,45,3
1688,35,II,reading,long-single,49,1
1689,36,I,reading,short-single,34,1
1690,36,I,reading,short-single,35,3
1691,36,I,reading,short-single,36,3
1692,36,I,reading,short-single,37,4
1693,36,I,reading,short-single,38,1
1694,36,I,reading,short-single,39,2
1695,36,I,reading,long-single,49,3
1696,36,I,reading,long-single,51,4
1697,36,I,reading,long-single,53,3
1698,36,I,reading,long-single,55,1
1699,36,I,reading,long-single,61,3
1700,36,I,reading,long-single,65,3
1701,36,I,reading,long-single,67,4
1702,36,I,reading,long-single,69,1
1703,36,II,reading,short-single,1,2
1704,36,II,reading,short-single,2,4
1705,36,II,reading,long-single,16,1
1706,36,II,reading,long-single,17,1
1707,36,II,reading,long-single,18,2
1708,36,II,reading,long-single,19,2
1709,36,II,reading,long-single,21,2
1710,36,II,reading,long-single,28,2
1711,36,II,reading,long-single,29,1
1712,36,II,reading,long-single,30,1
1713,36,II,reading,long-single,31,4
1714,36,II,reading,long-single,45,3
1715,36,II,reading,long-single,49,1
1716,37,I,reading,short-single,34,1
1717,37,I,reading,short-single,35,4
1718,37,I,reading,short-single,36,2
1719,37,I,reading,short-single,37,1
1720,37,I,reading,short-single,38,3
1721,37,I,reading,short-single,39,2
1722,37,I,reading,long-single,49,1
1723,37,I,reading,long-single,51,3
1724,37,I,reading,long-single,53,3
1725,37,I,reading,long-single,55,3
1726,37,I,reading,long-single,61,3
1727,37,I,reading,long-single,65,1
1728,37,I,reading,long-single,67,4
1729,37,I,reading,long-single,69,4
1730,37,II,reading,short-single,1,1
1731,37,II,reading,short-single,2,1
1732,37,II,reading,long-single,16,4
1733,37,II,reading,long-single,17,1
1734,37,II,reading,long-single,18,3
1735,37,II,reading,long-single,19,2
1736,37,II,reading,long-single,21,1
1737,37,II,reading,long-single,28,3
1738,37,II,reading,long-single,29,2
1739,37,II,reading,long-single,30,4
1740,37,II,reading,long-single,31,1
1741,37,II,reading,long-single,45,3
1742,37,II,reading,long-single,49,4
1743,41,I,reading,short-single,34,1
1744,41,I,reading,short-single,35,4
1745,41,I,reading,short-single,36,3
1746,41,I,reading,short-single,37,2
1747,41,I,reading,short-single,38,1
1748,41,I,reading,short-single,39,1
1749,41,I,reading,long-single,49,4
1750,41,I,reading,long-single,51,2
1751,41,I,reading,long-single,53,4
1752,41,I,reading,long-single,55,4
1753,41,I,reading,long-single,61,2
1754,41,I,reading,long-single,65,4
1755,41,I,reading,long-single,67,1
1756,41,I,reading,long-single,69,3
1757,41,II,reading,short-single,1,1
1758,41,II,reading,short-single,2,2
1759,41,II,reading,long-single,16,4
1760,41,II,reading,long-single,17,4
1761,41,II,reading,long-single,18,1
1762,41,II,reading,long-single,19,1
1763,41,II,reading,long-single,21,4
1764,41,II,reading,long-single,28,2
1765,41,II,reading,long-single,29,3
1766,41,II,reading,long-single,30,1
1767,41,II,reading,long-single,31,2
1768,41,II,reading,long-single,45,3
1769,41,II,reading,long-single,49,1
1770,47,I,reading,short-single,34,4
1771,47,I,reading,short-single,35,1
1772,47,I,reading,short-single,36,1
1773,47,I,reading,short-single,37,2
1774,47,I,reading,short-single,38,2
1775,47,I,reading,short-single,39,1
1776,47,I,reading,long-single,49,3
1777,47,I,reading,long-single,51,2
1778,47,I,reading,long-single,53,4
1779,47,I,reading,long-single,55,4
1780,47,I,reading,long-single,61,1
1781,47,I,reading,long-single,65,3
1782,47,I,reading,long-single,67,3
1783,47,I,reading,long-single,69,2
1784,47,II,reading,short-single,1,3
1785,47,II,reading,short-single,2,4
1786,47,II,reading,long-single,16,2
1787,47,II,reading,long-single,17,3
1788,47,II,reading,long-single,18,4
1789,47,II,reading,long-single,19,2
1790,47,II,reading,long-single,21,1
1791,47,II,reading,long-single,28,3
1792,47,II,reading,long-single,29,1
1793,47,II,reading,long-single,30,2
1794,47,II,reading,long-single,31,1
1795,47,II,reading,long-single,45,3
1796,47,II,reading,long-single,49,4
1797,52,I,reading,short-single,34,3
1798,52,I,reading,short-single,35,2
1799,52,I,reading,short-single,36,1
1800,52,I,reading,short-single,37,2
1801,52,I,reading,short-single,38,4
1802,52,I,reading,short-single,39,3
1803,52,I,reading,long-single,49,1
1804,52,I,reading,long-single,51,3
1805,52,I,reading,long-single,53,4
1806,52,I,reading,long-single,55,3
1807,52,I,reading,long-single,61,1
1808,52,I,reading,long-single,65,4
1809,52,I,reading,long-single,67,2
1810,52,I,reading,long-single,69,3
1811,52,II,reading,short-single,1,2
1812,52,II,reading,short-single,2,1
1813,52,II,reading,long-single,16,2
1814,52,II,reading,long-single,17,2
1815,52,II,reading,long-single,18,3
1816,52,II,reading,long-single,19,2
1817,52,II,reading,long-single,21,4
1818,52,II,reading,long-single,28,3
1819,52,II,reading,long-single,29,2
1820,52,II,reading,long-single,30,3
1821,52,II,reading,long-single,31,4
1822,52,II,reading,long-single,45,4
1823,52,II,reading,long-single,49,3
